number,label,DCGAN,WGAN,LSGAN,EBGAN,ensemble
no_face,no_face,no_face,no_face,no_face,no_face,no_face
2,Positive,0.40024253726005554,-0.9147019386291504,0.0940970778465271,44.08663558959961,0.9514779448509216
3,Positive,0.40388059616088867,-0.6337546110153198,-0.24379092454910278,91.2916488647461,0.05656429007649422
4,Positive,0.3947794735431671,-2.4513845443725586,0.301849901676178,57.64356994628906,0.03353958949446678
5,Positive,0.43591704964637756,-0.16527159512043,-0.1092129796743393,63.93408966064453,0.9932118654251099
6,Positive,0.4104987680912018,-0.8016763925552368,-1.0210269689559937,114.46710968017578,0.22162199020385742
7,Positive,0.4303121268749237,-1.1195166110992432,-0.43251702189445496,6.415868282318115,0.8053852319717407
8,Positive,0.3930182456970215,-1.3412902355194092,-1.6579601764678955,83.52116394042969,0.9207227230072021
9,Positive,0.41011497378349304,-0.17512989044189453,-0.6773414015769958,212.5535430908203,0.9903500080108643
10,Positive,0.4228954315185547,-0.16280584037303925,-0.5754573345184326,99.30148315429688,0.8566537499427795
11,Positive,0.40290969610214233,0.4175814688205719,-0.5240392088890076,62.147315979003906,0.8952164649963379
12,Positive,0.43118345737457275,-0.7887558937072754,-0.767421305179596,157.0096435546875,0.4587371051311493
13,Positive,0.4180050492286682,-0.2856926918029785,-1.091648817062378,213.49395751953125,0.5538697242736816
14,Positive,0.4153842628002167,-0.5107647180557251,-0.5217571258544922,7.062582015991211,0.5411328673362732
15,Positive,0.4117112159729004,-1.6272053718566895,-0.9165247678756714,16.316282272338867,0.5187399387359619
16,Positive,0.38977277278900146,-0.6816437244415283,-0.8624157905578613,46.04541778564453,0.8604374527931213
17,Positive,0.4065346419811249,0.5061863660812378,-0.4360337257385254,117.81038665771484,0.03545553982257843
18,Positive,0.4523923397064209,0.5300511121749878,-1.4566264152526855,81.56858825683594,0.999261200428009
19,Positive,0.4838370382785797,-3.4425089359283447,-1.1549360752105713,181.32550048828125,0.9842900633811951
20,Positive,0.44817671179771423,0.2484503984451294,-0.7280601263046265,96.75495910644531,0.44820794463157654
21,Positive,0.5014359951019287,0.1563674807548523,-0.6233252286911011,29.490528106689453,0.00486210361123085
22,Positive,0.5183562636375427,-0.6513179540634155,-1.7405040264129639,136.6568603515625,0.9839715957641602
23,Positive,0.4205194115638733,-1.228337287902832,-1.7847250699996948,51.70814895629883,0.9831116795539856
24,Positive,0.44739586114883423,-1.6822460889816284,-1.7284235954284668,38.658077239990234,0.9615208506584167
25,Positive,0.4438135027885437,-0.5543223023414612,-0.22794711589813232,44.989463806152344,0.005033433437347412
26,Positive,0.4780022203922272,-2.37552547454834,-1.033577799797058,228.38815307617188,0.5460017919540405
27,Positive,0.5427248477935791,-0.1183539554476738,-0.9806337356567383,57.621543884277344,0.23720932006835938
28,Positive,0.44878774881362915,-2.816500663757324,-1.1015336513519287,76.71888732910156,0.6471608877182007
29,Positive,0.5760531425476074,-1.6489856243133545,-0.7736296653747559,144.44964599609375,0.008803088217973709
30,Positive,0.4652354419231415,0.31594765186309814,-0.1013348251581192,95.59719848632812,0.05833038315176964
no_face,no_face,no_face,no_face,no_face,no_face,no_face
32,Positive,0.43492403626441956,0.057618580758571625,-0.5743405222892761,297.8983459472656,0.9628119468688965
33,Positive,0.46115535497665405,0.35974401235580444,-0.8878469467163086,102.12517547607422,0.5844483971595764
34,Positive,0.4354666471481323,-1.3159210681915283,-0.6398791670799255,71.08134460449219,0.04721017926931381
no_face,no_face,no_face,no_face,no_face,no_face,no_face
36,Positive,0.562100887298584,-4.115482330322266,-1.6997244358062744,27.542747497558594,0.0027617798186838627
no_face,no_face,no_face,no_face,no_face,no_face,no_face
38,Positive,0.489134281873703,-0.7088339924812317,-1.3270721435546875,137.66563415527344,0.1614743322134018
39,Positive,0.5789649486541748,-0.9914071559906006,-1.2810845375061035,93.93314361572266,0.00935299601405859
40,Positive,0.5193835496902466,-0.5299894213676453,-0.9099148511886597,159.67147827148438,0.9929167032241821
41,Positive,0.5419689416885376,-1.9259591102600098,-0.0063393088057637215,190.3416290283203,0.02008821628987789
42,Positive,0.5238861441612244,-0.10252547264099121,-1.0273215770721436,62.52313232421875,0.04016360267996788
43,Positive,0.49347445368766785,-1.5990965366363525,-1.2322583198547363,7.806178569793701,0.014490445144474506
44,Positive,0.5295186042785645,-0.9571596384048462,-1.1238821744918823,85.60953521728516,0.12540338933467865
45,Positive,0.5401321649551392,0.9247435331344604,-0.45790615677833557,124.69139099121094,0.007912673056125641
46,Positive,0.5597599744796753,-0.9251774549484253,-1.3388727903366089,88.81060028076172,0.011731661856174469
47,Positive,0.5150027871131897,0.0669945478439331,-0.8512057065963745,108.6234359741211,0.18834838271141052
no_face,no_face,no_face,no_face,no_face,no_face,no_face
49,Positive,0.5374301075935364,0.02728586457669735,-1.3840144872665405,196.42474365234375,0.9955849647521973
50,Positive,0.5115578174591064,0.8355351090431213,-1.3315789699554443,77.45108795166016,0.04041517153382301
51,Positive,0.43027374148368835,-2.091654062271118,-0.0661701112985611,15.673267364501953,0.0018091395031660795
no_face,no_face,no_face,no_face,no_face,no_face,no_face
53,Positive,0.4492335319519043,-2.5383851528167725,-0.3951578736305237,167.9600067138672,0.5289521813392639
54,Positive,0.418474406003952,-0.08220994472503662,0.722258448600769,8.474903106689453,0.0011153670493513346
55,Positive,0.5112742185592651,-0.7242131233215332,-0.12177558243274689,119.8025894165039,0.00012748355220537633
56,Positive,0.501423716545105,0.6817137002944946,-0.757770299911499,10.77667236328125,0.042680077254772186
57,Positive,0.5337849259376526,-2.7711808681488037,0.8583981990814209,9.365140914916992,0.03845778852701187
no_face,no_face,no_face,no_face,no_face,no_face,no_face
no_face,no_face,no_face,no_face,no_face,no_face,no_face
60,Positive,0.4446009397506714,-2.7493531703948975,-0.5126407146453857,5.866833209991455,0.0003434458340052515
61,Positive,0.48707497119903564,0.10191722214221954,0.6464266180992126,2.7602736949920654,0.020791491493582726
62,Positive,0.40583139657974243,-1.2597943544387817,0.6221312284469604,44.171146392822266,0.001628597849048674
63,Positive,0.43782326579093933,0.810425877571106,0.5452967286109924,4.4123215675354,0.0006937339785508811
64,Positive,0.4400955140590668,-2.5206756591796875,0.1909945011138916,9.095781326293945,0.03193553537130356
65,Positive,0.4922923147678375,-1.3992810249328613,-0.9480010271072388,23.14335060119629,0.010503026656806469
no_face,no_face,no_face,no_face,no_face,no_face,no_face
67,Positive,0.48689258098602295,-0.7584326267242432,0.951284646987915,5.992237567901611,0.0009234801982529461
68,Positive,0.4338846504688263,-2.0133771896362305,-0.2527260184288025,7.48165225982666,0.37385496497154236
69,Positive,0.45201030373573303,-1.8057368993759155,0.10303358733654022,2.208751678466797,0.15236757695674896
70,Positive,0.5209501385688782,-2.346259832382202,1.355938196182251,37.86087417602539,0.0007930196588858962
71,Positive,0.5034500956535339,0.7310537099838257,-0.8842825889587402,5.563214302062988,0.011196303181350231
72,Positive,0.48098912835121155,-1.7959091663360596,-0.288976788520813,54.69708251953125,0.5754880905151367
no_face,no_face,no_face,no_face,no_face,no_face,no_face
no_face,no_face,no_face,no_face,no_face,no_face,no_face
no_face,no_face,no_face,no_face,no_face,no_face,no_face
76,Positive,0.5218279361724854,-0.7575989961624146,-0.16420713067054749,18.889286041259766,0.023079922422766685
77,Positive,0.4755095839500427,-2.4369213581085205,0.22162148356437683,89.94351196289062,0.0020243492908775806
78,Positive,0.4739888906478882,-0.6416330337524414,0.7776456475257874,26.129695892333984,0.01356637291610241
79,Positive,0.48366838693618774,-2.7449934482574463,-0.8737362623214722,4.652522563934326,0.010878576897084713
80,Positive,0.435322642326355,-0.38397276401519775,-1.0530102252960205,11.84084701538086,0.9986262321472168
81,Positive,0.5462530255317688,-2.074899673461914,0.08444270491600037,23.510093688964844,0.005405425559729338
82,Positive,0.5360571146011353,-0.08083303272724152,0.15892943739891052,14.518427848815918,0.008827035315334797
83,Positive,0.47797366976737976,-0.11054155230522156,0.29156631231307983,4.799219608306885,0.0016405070200562477
84,Positive,0.5836496353149414,-0.7031049728393555,1.1124961376190186,75.87385559082031,0.07650642096996307
no_face,no_face,no_face,no_face,no_face,no_face,no_face
86,Positive,0.4403996765613556,-0.9806487560272217,-1.2452412843704224,83.38990020751953,0.5849810242652893
87,Positive,0.5217996835708618,0.0828171819448471,-0.17303039133548737,23.11305046081543,0.027857327833771706
88,Positive,0.5156717300415039,-1.061559796333313,0.1759992241859436,2.450050115585327,0.00613204762339592
89,Positive,0.4558960795402527,-1.162700891494751,-0.030731987208127975,27.895519256591797,0.02179076336324215
90,Positive,0.5587758421897888,-1.506399393081665,0.693998396396637,106.27040100097656,0.007240584585815668
91,Positive,0.5322247743606567,-0.8148032426834106,-0.22938796877861023,13.840414047241211,0.008592363446950912
92,Positive,0.5044929385185242,-1.1317880153656006,-0.07569025456905365,19.384366989135742,0.37450507283210754
93,Positive,0.4655575752258301,-1.2361822128295898,-0.42453742027282715,5.845776081085205,0.023831628262996674
94,Positive,0.47637373208999634,0.27279508113861084,0.07934623956680298,2.3392977714538574,0.2661271393299103
no_face,no_face,no_face,no_face,no_face,no_face,no_face
96,Positive,0.5326016545295715,-0.7867659330368042,0.3803339898586273,55.76011657714844,0.011499516665935516
97,Positive,0.44895997643470764,-1.0160634517669678,0.6804474592208862,9.623547554016113,0.6587350964546204
no_face,no_face,no_face,no_face,no_face,no_face,no_face
no_face,no_face,no_face,no_face,no_face,no_face,no_face
100,Positive,0.43254944682121277,-2.260216236114502,0.6253668069839478,6.878689765930176,0.001755265984684229
101,Positive,0.5842646360397339,1.5875333547592163,0.4124942421913147,7.794262886047363,0.005467791110277176
no_face,no_face,no_face,no_face,no_face,no_face,no_face
103,Positive,0.5359247326850891,-0.637554407119751,1.10306978225708,111.01868438720703,0.00016773267998360097
104,Positive,0.4387910068035126,-0.8409160375595093,0.40903130173683167,118.41629028320312,0.0006153950234875083
105,Positive,0.44262799620628357,0.4728095829486847,0.029280900955200195,4.161105155944824,0.0027779564261436462
106,Positive,0.5373235940933228,0.8721368312835693,-0.200566828250885,100.14948272705078,0.0026881771627813578
107,Positive,0.4953586757183075,-1.7484718561172485,-0.1003764346241951,3.615462064743042,0.18639002740383148
108,Positive,0.5630725026130676,0.3440360426902771,-0.4502802789211273,80.8069076538086,0.002309669740498066
109,Positive,0.5773698687553406,-2.4330050945281982,0.11052677780389786,78.98974609375,0.9345454573631287
no_face,no_face,no_face,no_face,no_face,no_face,no_face
111,Positive,0.549286425113678,-0.47124940156936646,-0.5704935789108276,9.964308738708496,0.10918642580509186
112,Positive,0.4522775113582611,-0.7314286231994629,-1.5910732746124268,149.00979614257812,0.9655045866966248
no_face,no_face,no_face,no_face,no_face,no_face,no_face
no_face,no_face,no_face,no_face,no_face,no_face,no_face
115,Positive,0.5455353856086731,-1.1200389862060547,-1.1226918697357178,13.50397777557373,0.9067984819412231
116,Positive,0.5095986127853394,-0.10956090688705444,-0.5110914707183838,38.86599349975586,0.042255837470293045
117,Positive,0.5613301396369934,0.5494155883789062,-0.980378270149231,11.513301849365234,0.5488159656524658
118,Positive,0.5006372928619385,0.17281541228294373,-0.46224328875541687,7.969680309295654,0.13166649639606476
no_face,no_face,no_face,no_face,no_face,no_face,no_face
120,Positive,0.5196727514266968,-2.6700291633605957,-0.5143430233001709,181.06765747070312,0.6171481013298035
121,Positive,0.518945574760437,0.21341025829315186,0.373987078666687,7.0047688484191895,0.03473922237753868
122,Positive,0.5147222280502319,-1.0615293979644775,-0.8031378984451294,14.40361213684082,0.06316348910331726
123,Positive,0.5371158719062805,0.47158336639404297,-0.0015866869362071157,4.5593037605285645,0.4231785833835602
124,Positive,0.5452283620834351,-0.750598669052124,0.5733739733695984,11.899312973022461,0.0515923947095871
no_face,no_face,no_face,no_face,no_face,no_face,no_face
126,Positive,0.4445013403892517,-1.7672903537750244,-1.1067278385162354,302.7059631347656,0.8784775733947754
127,Positive,0.4807237982749939,-0.7534680962562561,0.21292877197265625,148.58807373046875,0.9898362755775452
128,Positive,0.4701601564884186,-0.6800003051757812,0.14489659667015076,67.78265380859375,0.010655490681529045
129,Positive,0.5089794993400574,0.18530648946762085,0.4446045160293579,8.627562522888184,0.0025825360789895058
130,Positive,0.5004408955574036,-2.8529131412506104,-0.522811770439148,66.72920227050781,0.6812164187431335
131,Positive,0.4783313572406769,-0.31328707933425903,-0.6579917669296265,68.18202209472656,0.7328389286994934
132,Positive,0.48888036608695984,-0.1570696234703064,-0.09729354083538055,19.073049545288086,0.0019258272368460894
133,Positive,0.4106561541557312,-1.0041594505310059,-0.1060495674610138,20.1472225189209,0.014323842711746693
134,Positive,0.5405645370483398,-2.0822551250457764,-1.537297248840332,62.37198257446289,0.7561151385307312
135,Positive,0.539174497127533,-1.953953742980957,-0.2706117331981659,4.160211563110352,0.022004760801792145
136,Positive,0.561648428440094,-0.04720132052898407,-0.35329604148864746,18.78145408630371,0.2631540894508362
137,Positive,0.5122596621513367,-0.2307904064655304,-0.2351284921169281,12.75742244720459,0.13629405200481415
138,Positive,0.5378654599189758,0.992355465888977,0.02239161916077137,88.26129150390625,0.9482559561729431
139,Positive,0.4491885006427765,-1.1209603548049927,-0.38895004987716675,100.71156311035156,0.011696580797433853
140,Positive,0.5290181040763855,-1.6978213787078857,-0.5921190977096558,7.5587239265441895,0.0016578236827626824
no_face,no_face,no_face,no_face,no_face,no_face,no_face
142,Positive,0.5385224223136902,0.2874648869037628,-0.903354823589325,5.234897613525391,0.0863519161939621
143,Positive,0.5297012329101562,-0.8271954655647278,0.40691572427749634,54.22190475463867,0.06188783422112465
144,Positive,0.5230132937431335,-1.3199293613433838,-0.238941952586174,6.165700912475586,0.0011541872518137097
145,Positive,0.4024149775505066,-2.5462870597839355,0.1424703598022461,18.990074157714844,0.6144675612449646
146,Positive,0.513964831829071,-1.4391067028045654,0.18240931630134583,3.07791805267334,0.00146391405723989
147,Positive,0.44590285420417786,-1.4376977682113647,-0.4937301278114319,9.715228080749512,0.010207132436335087
148,Positive,0.4617139399051666,0.20420141518115997,0.2329254001379013,8.923086166381836,0.013545190915465355
149,Positive,0.4147041440010071,-2.3553054332733154,0.5944023132324219,4.432272911071777,0.06325040757656097
150,Positive,0.4059475064277649,-2.010416030883789,-0.2863205075263977,18.3150634765625,0.03208412975072861
151,Positive,0.428817480802536,-1.0575940608978271,-0.03598715364933014,4.7759108543396,0.0006750317988917232
152,Positive,0.4417046904563904,-1.4555385112762451,0.28246480226516724,114.8740463256836,0.0006735110655426979
153,Positive,0.5175763368606567,1.0381228923797607,0.016457583755254745,4.272121429443359,0.017561541870236397
154,Positive,0.4959622323513031,0.16127845644950867,0.5623131990432739,13.137052536010742,0.004721124190837145
155,Positive,0.4967334568500519,-2.7450242042541504,0.23276689648628235,3.38061785697937,0.002521215472370386
156,Positive,0.4028507173061371,-0.5634245872497559,0.8821664452552795,13.0817289352417,0.0001922064257087186
157,Positive,0.396181583404541,-1.3587982654571533,0.16066616773605347,17.809953689575195,0.001748443115502596
158,Positive,0.5833850502967834,-1.2012895345687866,0.731412410736084,31.9849796295166,0.07739400118589401
159,Positive,0.4466557800769806,-0.43075239658355713,0.3607163429260254,2.7342875003814697,0.014783588238060474
160,Positive,0.4206787943840027,-1.37884521484375,0.341880202293396,20.18819236755371,0.0008965795859694481
161,Positive,0.4104365110397339,-2.243088722229004,0.12714241445064545,25.51243019104004,0.09896422922611237
162,Positive,0.4255673289299011,-1.2909958362579346,-1.3064208030700684,162.06707763671875,0.06446865200996399
163,Positive,0.39510393142700195,-1.2088508605957031,0.1776111125946045,48.641178131103516,0.09969285875558853
164,Positive,0.4650927782058716,-1.8512089252471924,-0.46200913190841675,5.472598075866699,0.0057503473944962025
165,Positive,0.431022584438324,-2.232083797454834,-1.4324764013290405,238.6942138671875,0.9933848977088928
166,Positive,0.4299928843975067,-1.8579779863357544,0.3009173274040222,7.017682075500488,0.03733014687895775
167,Positive,0.4790042042732239,-1.767694115638733,-0.13827058672904968,16.907939910888672,0.0011017281794920564
168,Positive,0.5129493474960327,-0.9781319499015808,-0.6486872434616089,2.9108083248138428,0.005063857417553663
169,Positive,0.4525195360183716,-2.7295446395874023,-1.0308043956756592,139.6915283203125,0.0020674339029937983
170,Positive,0.5610998868942261,-3.7068052291870117,-0.1475101113319397,2.682891368865967,0.8921287655830383
171,Positive,0.47646117210388184,0.09262484312057495,-0.5961639881134033,19.065704345703125,0.004632263444364071
172,Positive,0.46384772658348083,-2.0805625915527344,-1.724329948425293,14.344818115234375,0.12732799351215363
173,Positive,0.588821291923523,-0.5955559015274048,-0.11812500655651093,45.744503021240234,0.027997227385640144
174,Positive,0.5350515842437744,-1.550247073173523,0.22176125645637512,9.27958869934082,0.03881199657917023
175,Positive,0.546051561832428,-1.6235010623931885,-1.062847375869751,5.551388263702393,0.30391064286231995
176,Positive,0.45593488216400146,-1.2443383932113647,0.15417729318141937,45.831295013427734,0.0026987968012690544
177,Positive,0.5854774713516235,-1.892369270324707,0.8839325904846191,15.417717933654785,0.0018048185156658292
178,Positive,0.5280720591545105,-0.8376161456108093,-0.5183254480361938,80.59696197509766,0.004036277066916227
179,Positive,0.552737832069397,-0.5197878479957581,0.013598366640508175,4.338257789611816,0.006340777967125177
180,Positive,0.5146028995513916,-0.039936646819114685,0.6300240755081177,193.3677520751953,0.04650486260652542
181,Positive,0.4899045526981354,-0.9516698122024536,-0.7118443250656128,30.140766143798828,0.9959522485733032
182,Positive,0.535949170589447,-1.7686536312103271,-0.4624730348587036,87.48335266113281,0.019087575376033783
183,Positive,0.5426637530326843,-0.24143843352794647,-0.23435693979263306,7.5562424659729,0.008109064772725105
184,Positive,0.5109907388687134,-0.5734166502952576,0.20921708643436432,38.32679748535156,0.004922585096210241
185,Positive,0.45998451113700867,-1.1723203659057617,-0.20360949635505676,9.993928909301758,0.8305147886276245
186,Positive,0.49359533190727234,-0.10319167375564575,-0.603516697883606,113.31385040283203,0.85737144947052
187,Positive,0.537754237651825,0.23168118298053741,-0.14494185149669647,43.15300750732422,2.50256089202594e-05
188,Positive,0.5303201675415039,0.01051204651594162,0.7655516266822815,31.840791702270508,0.0063074748031795025
189,Positive,0.47491952776908875,-2.3154704570770264,-0.18591412901878357,4.377964019775391,0.004398208111524582
190,Positive,0.49524059891700745,-0.38017547130584717,0.002154740272089839,33.593666076660156,0.00684827147051692
191,Positive,0.5335099101066589,-1.1329586505889893,-0.3173779249191284,4.887160778045654,0.2419295758008957
192,Positive,0.47671571373939514,0.3849869966506958,-0.8517471551895142,3.837242364883423,0.8817920088768005
193,Positive,0.5601427555084229,-1.647824764251709,-0.16027489304542542,16.08414077758789,0.0006922995089553297
194,Positive,0.5055733323097229,-0.1290808618068695,-0.8867090344429016,24.126819610595703,0.02268330194056034
195,Positive,0.49263912439346313,-0.5037188529968262,-0.22671666741371155,10.762123107910156,0.007359194103628397
196,Positive,0.5534958839416504,-0.9187268018722534,-0.1291346549987793,130.21917724609375,0.0005738072213716805
197,Positive,0.5378724932670593,-1.7282078266143799,-0.3949891924858093,10.387252807617188,0.0012537414440885186
198,Positive,0.47547513246536255,0.3886811137199402,-0.0016444390639662743,10.95885181427002,0.0003463047614786774
199,Positive,0.455881804227829,-0.43410831689834595,-1.1451307535171509,86.11610412597656,0.07131672650575638
200,Positive,0.5145688652992249,-1.6682552099227905,-0.4918627440929413,3.101107358932495,0.06477769464254379
201,Negative,0.6408587694168091,-2.1658859252929688,0.8366371393203735,14.168213844299316,0.02272113785147667
202,Negative,0.4338732659816742,-1.4911943674087524,0.3045084774494171,13.677242279052734,0.01777053438127041
203,Negative,0.48065057396888733,-1.0527675151824951,-0.9709535837173462,31.858823776245117,0.008250084705650806
204,Negative,0.49281904101371765,0.6610792279243469,0.7498108148574829,162.30612182617188,0.00033691085991449654
205,Negative,0.5475143194198608,-1.6753171682357788,-0.49382320046424866,34.040958404541016,0.014823436737060547
206,Negative,0.4859711825847626,0.32932358980178833,0.1958063840866089,3.2049989700317383,0.03711973875761032
207,Negative,0.5025243163108826,-0.24295932054519653,-0.6833032369613647,44.784114837646484,0.1716698259115219
208,Negative,0.5368767976760864,-0.4722069501876831,0.9811302423477173,58.34295654296875,0.9495049118995667
209,Negative,0.5411278009414673,-0.7640671730041504,-1.621524453163147,6.177725791931152,0.7517844438552856
210,Negative,0.4561639726161957,-1.4844369888305664,0.017701836302876472,5.764204025268555,0.0006937538273632526
211,Negative,0.4204918146133423,-1.545981764793396,0.32851821184158325,18.957368850708008,0.47016623616218567
212,Negative,0.5158641934394836,0.13942408561706543,0.3981650471687317,5.981089115142822,0.0010852530831471086
213,Negative,0.4229501187801361,-1.8804707527160645,0.07889469712972641,32.8222541809082,0.005579988472163677
214,Negative,0.497232586145401,1.089699149131775,0.26176917552948,39.02113723754883,0.0012097203871235251
215,Negative,0.5278568863868713,0.8002051115036011,0.32028549909591675,42.027671813964844,0.000529069104231894
216,Negative,0.5547367334365845,0.33454465866088867,-1.101881742477417,63.047847747802734,0.013481484726071358
217,Negative,0.4530673027038574,0.6367092132568359,0.14157205820083618,5.455634593963623,0.9866672158241272
218,Negative,0.41324687004089355,-0.009025659412145615,-0.13404282927513123,109.28226470947266,0.039110418409109116
219,Negative,0.5366884469985962,-0.8581289649009705,-0.4838964343070984,61.427799224853516,0.06104641035199165
220,Negative,0.4361288547515869,-1.711595058441162,0.20790188014507294,103.70960235595703,0.0016889094840735197
221,Negative,0.5207292437553406,-1.1871073246002197,-1.7571043968200684,62.94485855102539,0.9930360913276672
222,Negative,0.4774828553199768,-0.8007971048355103,0.0027893884107470512,21.393959045410156,0.5805034041404724
223,Negative,0.5134819746017456,0.5312581062316895,-0.7089635133743286,165.49986267089844,0.00021866883616894484
224,Negative,0.5246644020080566,0.14870932698249817,1.1441562175750732,5.595155239105225,0.0001974568876903504
225,Negative,0.4573741555213928,0.5499054193496704,0.1367647796869278,6.490495681762695,0.030327390879392624
226,Negative,0.4594860374927521,-0.6617350578308105,-0.424449622631073,105.15784454345703,0.3616553843021393
227,Negative,0.5322847962379456,-1.143622875213623,0.19744914770126343,4.815881729125977,0.00032150952029041946
228,Negative,0.45440730452537537,0.39246177673339844,0.7370675802230835,5.961634159088135,0.0005264254286885262
229,Negative,0.5589015483856201,0.7337220907211304,0.32158270478248596,4.4269256591796875,0.00022428481315728277
230,Negative,0.5639097094535828,-1.744642734527588,0.8012117147445679,4.713669776916504,0.002527425531297922
231,Negative,0.4010830819606781,-1.8888370990753174,0.2166326344013214,18.42872428894043,0.028984609991312027
232,Negative,0.4951215088367462,-1.5401393175125122,0.3424662947654724,13.317708015441895,0.005058198235929012
233,Negative,0.4338124990463257,1.0715001821517944,-0.2284497618675232,9.682387351989746,0.0007232407806441188
234,Negative,0.4656243920326233,0.6481542587280273,-1.0119941234588623,8.319547653198242,0.3725978434085846
235,Negative,0.5129551887512207,0.5693833231925964,-0.4391477704048157,159.46630859375,0.010017026215791702
236,Negative,0.454311728477478,-0.18277114629745483,-0.7361718416213989,3.185286283493042,0.06774946302175522
237,Negative,0.4864913821220398,-1.8106507062911987,-0.09977587312459946,21.90166664123535,0.00032851158175617456
238,Negative,0.5745278000831604,-0.8447604179382324,0.2831038236618042,8.149039268493652,0.00041808863170444965
239,Negative,0.45247882604599,-2.1077399253845215,-0.7941977381706238,99.524169921875,0.03592359274625778
240,Negative,0.48971205949783325,-0.9462761878967285,-1.0831416845321655,5.1033220291137695,0.5457159280776978
241,Negative,0.4092372953891754,0.15095730125904083,-0.21633481979370117,11.817618370056152,0.04458822309970856
242,Negative,0.5504867434501648,-1.0921735763549805,0.6044514179229736,50.88934326171875,0.00018302317766938359
243,Negative,0.5488271713256836,-2.387465000152588,0.5360523462295532,37.134132385253906,0.0029001818038523197
244,Negative,0.4874366819858551,-0.6950423717498779,-0.2083463966846466,5.1506218910217285,0.14015431702136993
245,Negative,0.42969778180122375,-1.3664145469665527,-0.3287341296672821,13.365045547485352,0.13442355394363403
246,Negative,0.5247337222099304,0.8333790302276611,-0.04035421460866928,43.995689392089844,0.010637857019901276
247,Negative,0.45365631580352783,-0.4104692339897156,0.5278235077857971,19.05317497253418,0.17818233370780945
248,Negative,0.5716559886932373,-1.1152801513671875,0.6041066646575928,18.77368927001953,0.005170551128685474
249,Negative,0.592333197593689,-1.218813419342041,0.31025391817092896,69.21186065673828,0.0396302193403244
250,Negative,0.47520437836647034,0.5587722063064575,-0.49229657649993896,29.734643936157227,0.8236677646636963
251,Negative,0.4707835018634796,-0.3891889750957489,0.008790850639343262,138.9590301513672,0.11815676093101501
252,Negative,0.4919823408126831,-0.8421478271484375,-0.8436263799667358,23.500656127929688,0.29597771167755127
253,Negative,0.43994924426078796,-1.4759597778320312,-0.5666412115097046,112.67436218261719,0.6971426010131836
254,Negative,0.44047811627388,-2.1706840991973877,-0.284652978181839,5.231474876403809,0.018447987735271454
no_face,no_face,no_face,no_face,no_face,no_face,no_face
256,Negative,0.5554934740066528,-0.8321112990379333,0.8180387020111084,46.16094970703125,0.0077006882056593895
257,Negative,0.48914819955825806,-0.5477377772331238,0.011729670688509941,191.8175811767578,0.10787425935268402
258,Negative,0.5036471486091614,-3.371694564819336,-0.7874454259872437,31.495969772338867,0.02132136933505535
259,Negative,0.4764161705970764,-0.2682482600212097,-0.4170173704624176,30.743593215942383,0.025594692677259445
260,Negative,0.5091226696968079,-1.7409099340438843,-0.1946503221988678,5.769053936004639,0.01225254125893116
261,Negative,0.4353048801422119,-0.6784522533416748,-0.12076562643051147,37.601890563964844,0.0030545478221029043
262,Negative,0.4784349203109741,-1.0016825199127197,-0.36900943517684937,66.57022857666016,0.007386371959000826
263,Negative,0.5658208727836609,-0.051686178892850876,-0.0655888095498085,7.016897201538086,0.10895022749900818
no_face,no_face,no_face,no_face,no_face,no_face,no_face
265,Negative,0.5342860817909241,0.03198385611176491,0.2042335569858551,84.24356842041016,0.0005045742145739496
266,Negative,0.4648571312427521,-0.31551802158355713,-0.6297697424888611,32.9079704284668,0.0006086293142288923
267,Negative,0.48373326659202576,-0.04082106798887253,-0.1980513334274292,82.92758178710938,0.0077599347569048405
268,Negative,0.5129998922348022,-0.9109368920326233,-1.0784262418746948,52.75886154174805,0.03799048066139221
269,Negative,0.4929192364215851,-1.2378830909729004,-0.6171878576278687,72.24644470214844,0.0005488201859407127
270,Negative,0.5629488825798035,1.1342675685882568,-0.1726832091808319,9.403558731079102,0.04580853506922722
271,Negative,0.5022504329681396,0.37043270468711853,0.7337119579315186,7.503267288208008,0.005361038260161877
272,Negative,0.5423303246498108,-0.08750192821025848,-0.6842291355133057,53.20840835571289,0.6808184385299683
273,Negative,0.5370919704437256,-0.2832646369934082,0.2898223400115967,6.456820487976074,0.0634528174996376
274,Negative,0.5103696584701538,0.5046463012695312,0.5410909652709961,8.308521270751953,0.011253816075623035
275,Negative,0.5098301768302917,-1.3153939247131348,0.17811989784240723,14.636507987976074,0.0008727404638193548
276,Negative,0.5563732981681824,-0.5156099796295166,0.13637462258338928,6.815659999847412,0.21460174024105072
277,Negative,0.5282379984855652,-1.917447805404663,-0.3929934501647949,7.0386528968811035,0.000756082939915359
278,Negative,0.4579887390136719,0.15209856629371643,-0.08283275365829468,9.608893394470215,0.0061487071216106415
279,Negative,0.5440062880516052,-0.7504968643188477,0.38763272762298584,5.122716903686523,0.008684273809194565
280,Negative,0.4723787307739258,-0.4614861011505127,-0.38671332597732544,50.477394104003906,0.0174665916711092
281,Negative,0.4575849175453186,0.6325766444206238,-0.4730457663536072,2.3860557079315186,0.04151294007897377
282,Negative,0.547490656375885,1.5159521102905273,0.5484441518783569,5.755066871643066,0.016784820705652237
283,Negative,0.5319647789001465,-2.2056665420532227,0.3854290246963501,37.35529327392578,0.0013564457185566425
284,Negative,0.6108978390693665,-1.5545697212219238,0.6491448879241943,3.417781352996826,0.006799592170864344
285,Negative,0.5478280782699585,-1.294694185256958,-1.4228371381759644,81.03652954101562,0.9981303811073303
286,Negative,0.47810572385787964,0.14261366426944733,-1.327101707458496,18.887283325195312,0.003654498141258955
287,Negative,0.5682706236839294,0.11653858423233032,1.1693549156188965,13.281744003295898,0.004183775745332241
288,Negative,0.4974155128002167,-1.7996994256973267,0.1269858032464981,3.3920187950134277,0.001255110721103847
289,Negative,0.4915587902069092,-1.0124433040618896,-0.15326011180877686,230.68431091308594,0.0025557056069374084
290,Negative,0.5534204244613647,-0.2992280125617981,-0.41319093108177185,167.60263061523438,0.0036117532290518284
291,Negative,0.5354065299034119,-0.6040100455284119,1.2207289934158325,27.48586654663086,0.00020915173809044063
292,Negative,0.5686239004135132,-0.2791198790073395,0.7507133483886719,8.9186372756958,0.007666048593819141
293,Negative,0.5514754056930542,-1.396058440208435,-0.3806876838207245,34.949501037597656,0.011376453563570976
294,Negative,0.5458075404167175,-0.633491039276123,-0.019455036148428917,8.996237754821777,0.044164739549160004
295,Negative,0.5882218480110168,0.6629526615142822,0.3655678927898407,7.72412109375,0.044519104063510895
296,Negative,0.5292016267776489,0.0925273597240448,0.8620674014091492,16.291610717773438,0.054296087473630905
no_face,no_face,no_face,no_face,no_face,no_face,no_face
298,Negative,0.5342174172401428,-0.8494482040405273,-0.1451277732849121,10.881133079528809,0.002829595236107707
299,Negative,0.5398097634315491,0.49869030714035034,0.8662749528884888,13.295196533203125,0.003694988554343581
300,Negative,0.5085521936416626,-1.1613649129867554,-0.4697338938713074,5.01934289932251,0.9781683087348938
301,Negative,0.5153865218162537,-1.8755974769592285,-0.026169199496507645,114.30165100097656,0.16903384029865265
302,Negative,0.5358055830001831,-1.4147855043411255,-0.13883939385414124,10.153337478637695,0.12019818276166916
303,Negative,0.4975695013999939,0.874945878982544,0.47584807872772217,162.33358764648438,0.007487867027521133
304,Negative,0.43129658699035645,-1.872836709022522,-0.7126655578613281,3.0680031776428223,0.0020035067573189735
305,Negative,0.5680716037750244,-2.2053513526916504,0.10067392885684967,3.671581745147705,0.0221354179084301
306,Negative,0.5700573921203613,-0.11303211748600006,0.14232784509658813,4.766017436981201,0.0011255485005676746
307,Negative,0.5769824385643005,-1.3669829368591309,-0.20868678390979767,4.962428569793701,0.7274706363677979
308,Negative,0.5820444226264954,2.096989631652832,0.7454284429550171,3.5774106979370117,0.07409179955720901
309,Negative,0.5304060578346252,-0.600624680519104,0.8262892961502075,7.220029354095459,0.1199759915471077
310,Negative,0.5313207507133484,-0.7824875116348267,-0.34876352548599243,25.738582611083984,0.0005694287247024477
311,Negative,0.5230323076248169,-2.071369171142578,-0.6931700706481934,11.611772537231445,0.010566923767328262
312,Negative,0.42313331365585327,-0.9879851341247559,-0.8145772218704224,7.918177127838135,0.2523559629917145
313,Negative,0.49821409583091736,-0.42433375120162964,-0.5819231271743774,253.29229736328125,0.9555158019065857
314,Negative,0.4370746612548828,0.17671510577201843,-0.29027628898620605,33.74232864379883,0.007719023618847132
315,Negative,0.4175754487514496,-1.9262926578521729,-0.3845311403274536,76.6893539428711,0.007776167709380388
316,Negative,0.40656521916389465,-0.47861599922180176,0.4145563840866089,24.838651657104492,0.0008987734327092767
no_face,no_face,no_face,no_face,no_face,no_face,no_face
318,Negative,0.42822265625,0.0029616402462124825,0.39453941583633423,10.020493507385254,0.12111400812864304
no_face,no_face,no_face,no_face,no_face,no_face,no_face
320,Negative,0.5466107726097107,0.9285506010055542,0.04748024046421051,2.0152406692504883,0.004455541726201773
321,Negative,0.5195279717445374,-0.3201046288013458,0.15386755764484406,37.727691650390625,0.24231380224227905
322,Negative,0.4174877107143402,-1.733076572418213,-0.23070813715457916,38.356849670410156,0.4318101704120636
323,Negative,0.556368887424469,2.033721923828125,0.12747186422348022,4.193884372711182,0.002096642041578889
324,Negative,0.5077370405197144,-0.6982393860816956,0.4050365090370178,15.09702205657959,0.005364066921174526
325,Negative,0.4762628972530365,-2.2257957458496094,0.1374295949935913,6.534198760986328,0.0008722436614334583
326,Negative,0.5911216735839844,-2.122570514678955,1.355417013168335,44.06285095214844,0.006296975538134575
327,Negative,0.43470239639282227,-2.137021541595459,-0.07457619905471802,7.572739124298096,0.36681580543518066
328,Negative,0.5314725637435913,-1.215266227722168,0.28642046451568604,6.51008939743042,0.00044370503746904433
329,Negative,0.5457945466041565,0.7574607133865356,0.7978867292404175,4.034147262573242,0.0015635407762601972
330,Negative,0.5021969079971313,-2.1856637001037598,0.7574458718299866,3.241602659225464,0.0006027552299201488
331,Negative,0.5248265862464905,1.8539403676986694,0.2846749424934387,3.9506189823150635,0.005468838848173618
332,Negative,0.5452422499656677,0.35605311393737793,0.07809869199991226,10.641287803649902,0.003659456502646208
333,Negative,0.47826460003852844,-1.0621464252471924,-0.09972891956567764,9.701604843139648,0.03290661424398422
334,Negative,0.49318429827690125,-0.69530189037323,-0.44545620679855347,3.5538382530212402,0.0018116314895451069
335,Negative,0.4077177941799164,-0.8905822038650513,0.1255093365907669,94.37792205810547,0.004623665940016508
336,Negative,0.46152037382125854,-0.14849653840065002,-0.8215523958206177,106.923583984375,0.4742397665977478
337,Negative,0.41652712225914,-0.20443108677864075,0.5731081962585449,4.915783405303955,0.0008681016624905169
338,Negative,0.4859485924243927,-1.8819948434829712,-0.6953198909759521,23.99968147277832,0.001265074242837727
339,Negative,0.4582968056201935,-0.21923069655895233,0.7664457559585571,2.9646623134613037,0.012615709565579891
340,Negative,0.5116989016532898,-0.5940229892730713,0.4172603189945221,5.361185550689697,0.008588327094912529
341,Negative,0.5507960319519043,-2.8090577125549316,-0.11452516913414001,47.320167541503906,0.14093855023384094
342,Negative,0.4700482487678528,-1.9333125352859497,0.4865208864212036,32.15790557861328,0.02334652841091156
343,Negative,0.5104172825813293,0.59261155128479,0.40091776847839355,133.6132354736328,0.0005199529696255922
344,Negative,0.41739708185195923,-1.9389798641204834,0.4530140459537506,8.259278297424316,0.010235111229121685
345,Negative,0.49037134647369385,0.9541656374931335,0.043205417692661285,2.6907575130462646,0.0017996003152802587
346,Negative,0.45974981784820557,-1.18194580078125,-0.9129554033279419,5.020872116088867,0.0007375494460575283
347,Negative,0.5065613985061646,-0.9417126178741455,0.25171875953674316,6.855218410491943,0.701757550239563
348,Negative,0.5725259184837341,0.037981148809194565,0.061904147267341614,10.871776580810547,0.02451859414577484
349,Negative,0.5508603453636169,0.9578614234924316,-0.17580243945121765,5.412048816680908,0.0010734203970059752
350,Negative,0.4856427311897278,0.17140953242778778,0.1678210347890854,4.8592400550842285,0.00250915065407753
351,Negative,0.5114017128944397,0.626052975654602,-0.5545811057090759,17.076997756958008,0.8338325619697571
352,Negative,0.482649028301239,0.8056478500366211,0.15305227041244507,82.52886962890625,0.0130331264808774
353,Negative,0.5220909714698792,-0.0433913916349411,0.18128147721290588,4.218772888183594,0.0011912209447473288
354,Negative,0.5033102631568909,1.2849171161651611,-0.10311426222324371,83.51034545898438,0.39691799879074097
355,Negative,0.503910481929779,-1.1488926410675049,-0.30363744497299194,119.28199005126953,0.4635632336139679
356,Negative,0.5252525210380554,1.3190791606903076,-0.6456396579742432,16.838520050048828,0.7266467809677124
no_face,no_face,no_face,no_face,no_face,no_face,no_face
no_face,no_face,no_face,no_face,no_face,no_face,no_face
359,Negative,0.5179641842842102,0.5496902465820312,0.17836526036262512,20.37810707092285,0.010348590090870857
360,Negative,0.5468644499778748,-1.253954291343689,0.6028386354446411,5.737687110900879,0.014614791609346867
361,Negative,0.5057533383369446,1.2367372512817383,1.0394349098205566,6.105253219604492,0.0023679863661527634
362,Negative,0.520742654800415,-1.9585320949554443,-1.1919803619384766,87.74311828613281,0.006057223305106163
363,Negative,0.5646306276321411,0.78670334815979,1.601515293121338,11.986006736755371,8.808426355244592e-05
364,Negative,0.5271039009094238,-3.838428497314453,-0.4463888704776764,45.48153305053711,0.014377354644238949
365,Negative,0.6134528517723083,0.8682502508163452,0.4573989510536194,5.873744487762451,0.0001968016440514475
366,Negative,0.49344944953918457,-1.4633828401565552,-0.5028102397918701,57.19837188720703,0.13712471723556519
367,Negative,0.5182954668998718,-1.4170458316802979,0.18070350587368011,99.69306945800781,0.9005613327026367
368,Negative,0.6478714346885681,-1.2748169898986816,0.06854858249425888,3.9811623096466064,0.6552148461341858
369,Negative,0.5196694135665894,0.13230404257774353,0.16482236981391907,17.697071075439453,0.002499458147212863
370,Negative,0.4649505019187927,-2.443922758102417,-0.17532816529273987,236.3560028076172,0.2513890862464905
371,Negative,0.5593385100364685,0.03978727385401726,0.18901067972183228,15.130669593811035,0.036531995981931686
372,Negative,0.4442863464355469,0.31031304597854614,-0.8462827801704407,76.87405395507812,0.11349429190158844
373,Negative,0.5874930620193481,-1.2418453693389893,0.13681861758232117,114.39507293701172,0.03562993183732033
374,Negative,0.4472599923610687,-1.5147616863250732,-0.37899333238601685,13.758855819702148,0.027015209197998047
no_face,no_face,no_face,no_face,no_face,no_face,no_face
376,Negative,0.5330114364624023,-1.6296124458312988,0.5174661874771118,30.24658966064453,0.023411717265844345
377,Negative,0.5222822427749634,-1.427478551864624,-0.34419775009155273,5.361237049102783,0.17154553532600403
378,Negative,0.5106062293052673,-1.4333757162094116,-0.16078615188598633,4.35040283203125,0.002423096913844347
379,Negative,0.49585387110710144,-0.6469640731811523,-0.7410286068916321,2.350674867630005,0.15500453114509583
380,Negative,0.47622400522232056,-1.9476959705352783,-0.6938251256942749,78.1831283569336,0.7251916527748108
381,Negative,0.5599418878555298,-3.290757179260254,-0.7461248636245728,138.1646270751953,0.9573682546615601
no_face,no_face,no_face,no_face,no_face,no_face,no_face
383,Negative,0.5862872004508972,-1.3792601823806763,0.21544575691223145,36.659732818603516,0.23505592346191406
384,Negative,0.5288618803024292,-2.341075897216797,-0.8082085847854614,68.80326080322266,0.004200805444270372
385,Negative,0.48899638652801514,1.479996919631958,-0.18435326218605042,86.35254669189453,0.032084137201309204
386,Negative,0.54730224609375,0.7100935578346252,0.5017876029014587,6.857535362243652,0.00025485377409495413
387,Negative,0.5026036500930786,1.3590985536575317,0.6831164360046387,29.067251205444336,0.49064818024635315
388,Negative,0.5064329504966736,0.4288692772388458,0.5312955975532532,11.473939895629883,0.008879533968865871
389,Negative,0.46086928248405457,-0.8848127722740173,0.3803366422653198,102.46669006347656,0.03353415057063103
390,Negative,0.5054822564125061,-0.6492091417312622,-0.018484022468328476,6.767533779144287,0.002913881791755557
391,Negative,0.5168317556381226,-1.0398443937301636,-0.18495991826057434,42.28486633300781,0.006017021834850311
392,Negative,0.4779953956604004,-1.2260093688964844,-0.10745741426944733,86.33120727539062,0.3027186989784241
393,Negative,0.5672931671142578,-1.6847071647644043,0.5268607139587402,28.897289276123047,0.007551886141300201
394,Negative,0.48542970418930054,-1.2596197128295898,0.5043569803237915,84.15577697753906,0.0021508734207600355
395,Negative,0.5406320691108704,-2.755743980407715,1.1323827505111694,66.77093505859375,0.8785473108291626
396,Negative,0.45999273657798767,0.44934800267219543,0.345477819442749,188.6571502685547,0.6835467219352722
397,Negative,0.4323444366455078,-1.927659511566162,0.12329921126365662,162.7599334716797,0.0009740405948832631
398,Negative,0.4836938679218292,-0.9327911734580994,-0.5216981172561646,206.12684631347656,0.9798802733421326
399,Negative,0.46440982818603516,-0.723883867263794,0.4447975754737854,119.35526275634766,0.021465852856636047
400,Negative,0.5213125944137573,-0.4086027443408966,0.20206354558467865,46.036258697509766,0.478361040353775
number,label,DCGAN,WGAN,LSGAN,EBGAN,ensemble
no_face,no_face,no_face,no_face,no_face,no_face,no_face
2,Positive,0.40024253726005554,0.39154624938964844,0.0940970778465271,44.08663558959961,0.8286444544792175
3,Positive,0.40388059616088867,2.294299602508545,-0.24379092454910278,91.29165649414062,0.9999396800994873
4,Positive,0.3947794735431671,0.412930965423584,0.301849901676178,57.64356994628906,0.9971340894699097
5,Positive,0.43591704964637756,0.9241913557052612,-0.1092129796743393,63.934085845947266,0.9999980926513672
6,Positive,0.4104987680912018,1.1656901836395264,-1.0210269689559937,114.46710968017578,0.9997395873069763
7,Positive,0.4303121268749237,1.5367157459259033,-0.43251702189445496,6.415868282318115,0.996968686580658
8,Positive,0.3930182456970215,1.2379121780395508,-1.6579601764678955,83.52117156982422,0.0011006492422893643
9,Positive,0.41011497378349304,1.65586256980896,-0.6773414015769958,212.5535430908203,0.9999992847442627
10,Positive,0.4228954315185547,0.5881921052932739,-0.5754573345184326,99.30148315429688,0.999930739402771
11,Positive,0.40290969610214233,0.20589566230773926,-0.5240392088890076,62.147315979003906,0.9919506311416626
12,Positive,0.43118345737457275,1.3153488636016846,-0.767421305179596,157.00962829589844,0.9947242140769958
13,Positive,0.4180050492286682,1.3354647159576416,-1.091648817062378,213.49395751953125,0.3599599599838257
14,Positive,0.4153842628002167,0.00799199566245079,-0.5217571258544922,7.062581539154053,0.9929931163787842
15,Positive,0.4117112159729004,2.0352187156677246,-0.9165247678756714,16.316282272338867,0.9999899864196777
16,Positive,0.38977277278900146,1.483482003211975,-0.8624157905578613,46.04541778564453,0.9980255365371704
17,Positive,0.4065346419811249,0.7669380903244019,-0.4360337257385254,117.81038665771484,2.1669566194759682e-05
18,Positive,0.4523923397064209,2.148070812225342,-1.4566264152526855,81.56858825683594,0.9999997615814209
19,Positive,0.4838370382785797,1.2390427589416504,-1.1549360752105713,181.32550048828125,0.002861789893358946
20,Positive,0.44817671179771423,0.29157426953315735,-0.7280601263046265,96.75495910644531,0.9999693632125854
21,Positive,0.5014359951019287,1.8443284034729004,-0.6233252286911011,29.490528106689453,0.0001463627559132874
22,Positive,0.5183562636375427,0.23614352941513062,-1.7405040264129639,136.6568603515625,0.00018949576769955456
23,Positive,0.4205194115638733,1.1813154220581055,-1.7847250699996948,51.70814514160156,1.0
24,Positive,0.44739586114883423,0.45313239097595215,-1.7284235954284668,38.65807342529297,0.9663611650466919
25,Positive,0.4438135027885437,0.16985394060611725,-0.22794711589813232,44.98946762084961,2.8624977943536578e-08
26,Positive,0.4780022203922272,0.26453113555908203,-1.033577799797058,228.38815307617188,0.001146745984442532
27,Positive,0.5427248477935791,1.6167120933532715,-0.9806337356567383,57.62154769897461,0.00013974223111290485
28,Positive,0.44878774881362915,1.171075701713562,-1.1015336513519287,76.71888732910156,0.9999901056289673
29,Positive,0.5760531425476074,2.035703182220459,-0.7736296653747559,144.44964599609375,2.003178678933182e-06
30,Positive,0.4652354419231415,1.245084285736084,-0.1013348251581192,95.59719848632812,8.569480996811762e-05
no_face,no_face,no_face,no_face,no_face,no_face,no_face
32,Positive,0.43492403626441956,-0.8733066916465759,-0.5743405222892761,297.8983459472656,0.0052832006476819515
33,Positive,0.46115535497665405,0.2594432830810547,-0.8878469467163086,102.12517547607422,0.965041995048523
34,Positive,0.4354666471481323,0.9047505855560303,-0.6398791670799255,71.08134460449219,0.0670800507068634
no_face,no_face,no_face,no_face,no_face,no_face,no_face
36,Positive,0.562100887298584,0.4474530518054962,-1.6997244358062744,27.542747497558594,7.632799281509506e-09
no_face,no_face,no_face,no_face,no_face,no_face,no_face
38,Positive,0.489134281873703,-0.8173490762710571,-1.3270721435546875,137.66563415527344,0.00010000648762797937
39,Positive,0.5789649486541748,0.7547616958618164,-1.2810845375061035,93.93315124511719,0.0002813626197166741
40,Positive,0.5193835496902466,0.06590397655963898,-0.9099148511886597,159.67147827148438,0.0010524317622184753
41,Positive,0.5419689416885376,0.03671712055802345,-0.0063393088057637215,190.34165954589844,0.8798335194587708
42,Positive,0.5238861441612244,0.6190295219421387,-1.0273215770721436,62.52313232421875,3.0644627258880064e-05
43,Positive,0.49347445368766785,-0.6505110263824463,-1.2322583198547363,7.806178569793701,7.553429668405442e-07
44,Positive,0.5295186042785645,1.1033146381378174,-1.1238821744918823,85.60953521728516,0.05484994128346443
45,Positive,0.5401321649551392,-0.16289976239204407,-0.45790615677833557,124.69139099121094,8.728643585698137e-09
46,Positive,0.5597599744796753,-0.18614014983177185,-1.3388727903366089,88.81060028076172,9.289323976702235e-09
47,Positive,0.5150027871131897,0.4661277234554291,-0.8512057065963745,108.6234359741211,0.0017668093787506223
no_face,no_face,no_face,no_face,no_face,no_face,no_face
49,Positive,0.5374301075935364,1.3728857040405273,-1.3840144872665405,196.42474365234375,0.9993211030960083
50,Positive,0.5115578174591064,1.524172306060791,-1.3315789699554443,77.45108795166016,0.00017516336811240762
51,Positive,0.43027374148368835,1.838531255722046,-0.0661701112985611,15.673267364501953,4.02305433411243e-09
no_face,no_face,no_face,no_face,no_face,no_face,no_face
53,Positive,0.4492335319519043,-0.3224194645881653,-0.3951578736305237,167.9600067138672,0.9994288086891174
54,Positive,0.418474406003952,1.6617913246154785,0.722258448600769,8.474903106689453,7.07079124140364e-08
55,Positive,0.5112742185592651,0.8587131500244141,-0.12177558243274689,119.80258178710938,5.242662837190437e-08
56,Positive,0.501423716545105,1.7847402095794678,-0.757770299911499,10.77667236328125,0.00015015807002782822
57,Positive,0.5337849259376526,1.7391669750213623,0.8583981990814209,9.365140914916992,0.0017524107825011015
no_face,no_face,no_face,no_face,no_face,no_face,no_face
no_face,no_face,no_face,no_face,no_face,no_face,no_face
60,Positive,0.4446009397506714,0.6036421060562134,-0.5126407146453857,5.866833209991455,3.509662699352489e-11
61,Positive,0.48707497119903564,2.6216416358947754,0.6464266180992126,2.7602736949920654,7.027577453300182e-07
62,Positive,0.40583139657974243,1.417768955230713,0.6221312284469604,44.171146392822266,1.6179576789454586e-08
63,Positive,0.43782326579093933,0.08439391851425171,0.5452967286109924,4.412322044372559,1.729602745748071e-11
64,Positive,0.4400955140590668,1.8946566581726074,0.1909945011138916,9.095781326293945,1.0684647122616298e-06
65,Positive,0.4922923147678375,1.2242207527160645,-0.9480010271072388,23.143352508544922,1.1716214203261188e-06
no_face,no_face,no_face,no_face,no_face,no_face,no_face
67,Positive,0.48689258098602295,1.0357155799865723,0.951284646987915,5.992237567901611,7.075354191421468e-11
68,Positive,0.4338846504688263,0.47270315885543823,-0.2527260184288025,7.48165225982666,0.0028691578190773726
69,Positive,0.45201030373573303,0.6118913888931274,0.10303358733654022,2.208751678466797,2.8889140594401397e-05
70,Positive,0.5209501385688782,1.5362364053726196,1.355938196182251,37.86087417602539,4.133512651084692e-13
71,Positive,0.5034500956535339,2.206080675125122,-0.8842825889587402,5.563214302062988,2.4885878247005166e-07
72,Positive,0.48098912835121155,1.978030800819397,-0.288976788520813,54.69708251953125,0.0002486541052348912
no_face,no_face,no_face,no_face,no_face,no_face,no_face
no_face,no_face,no_face,no_face,no_face,no_face,no_face
no_face,no_face,no_face,no_face,no_face,no_face,no_face
76,Positive,0.5218279361724854,1.8187718391418457,-0.16420713067054749,18.889284133911133,2.041139623543131e-06
77,Positive,0.4755095839500427,1.586014747619629,0.22162148356437683,89.94351196289062,3.6273956993682077e-07
78,Positive,0.4739888906478882,-1.1581382751464844,0.7776456475257874,26.12969398498535,2.0502582174231065e-06
79,Positive,0.48366838693618774,0.6909685134887695,-0.8737362623214722,4.652522563934326,2.1087327695568092e-05
80,Positive,0.435322642326355,2.340181350708008,-1.0530102252960205,11.84084701538086,0.0005033763591200113
81,Positive,0.5462530255317688,1.2615175247192383,0.08444270491600037,23.510093688964844,7.40528971476806e-09
82,Positive,0.5360571146011353,1.2074432373046875,0.15892943739891052,14.518427848815918,2.8895003651996376e-06
83,Positive,0.47797366976737976,1.1226847171783447,0.29156631231307983,4.799219608306885,4.276684961723731e-08
84,Positive,0.5836496353149414,0.5029857158660889,1.1124961376190186,75.87385559082031,4.1264215155933925e-07
no_face,no_face,no_face,no_face,no_face,no_face,no_face
86,Positive,0.4403996765613556,0.4459194242954254,-1.2452412843704224,83.38990783691406,2.3459544536308385e-05
87,Positive,0.5217996835708618,0.23008111119270325,-0.17303039133548737,23.11305046081543,2.6203106244793162e-05
88,Positive,0.5156717300415039,0.45426422357559204,0.1759992241859436,2.450049877166748,2.1467045371537097e-05
89,Positive,0.4558960795402527,1.0656044483184814,-0.030731987208127975,27.895517349243164,1.1272678790419377e-07
90,Positive,0.5587758421897888,2.5289223194122314,0.693998396396637,106.27039337158203,8.087588503258303e-05
91,Positive,0.5322247743606567,2.0723705291748047,-0.22938796877861023,13.840415954589844,1.6365715055144392e-05
92,Positive,0.5044929385185242,0.6768754720687866,-0.07569025456905365,19.384368896484375,0.9834675192832947
93,Positive,0.4655575752258301,0.5837461948394775,-0.42453742027282715,5.845776081085205,4.9381734257281096e-09
94,Positive,0.47637373208999634,1.9608197212219238,0.07934623956680298,2.3392977714538574,0.0056357295252382755
no_face,no_face,no_face,no_face,no_face,no_face,no_face
96,Positive,0.5326016545295715,0.9444096088409424,0.3803339898586273,55.76011657714844,2.7376245270716026e-06
97,Positive,0.44895997643470764,1.6050341129302979,0.6804474592208862,9.623547554016113,0.9760739803314209
no_face,no_face,no_face,no_face,no_face,no_face,no_face
no_face,no_face,no_face,no_face,no_face,no_face,no_face
100,Positive,0.43254944682121277,1.617835283279419,0.6253668069839478,6.878689765930176,0.0003366878954693675
101,Positive,0.5842646360397339,1.2150506973266602,0.4124942421913147,7.794262886047363,1.201338022838172e-06
no_face,no_face,no_face,no_face,no_face,no_face,no_face
103,Positive,0.5359247326850891,-0.2577947974205017,1.10306978225708,111.01868438720703,4.3157918905301074e-10
104,Positive,0.4387910068035126,2.7183990478515625,0.40903130173683167,118.4162826538086,2.486193828588057e-08
105,Positive,0.44262799620628357,0.6128917932510376,0.029280900955200195,4.161104679107666,1.1046768122469075e-05
106,Positive,0.5373235940933228,1.9734034538269043,-0.200566828250885,100.14948272705078,2.3672439876387674e-12
107,Positive,0.4953586757183075,1.8835983276367188,-0.1003764346241951,3.6154625415802,5.7552992075216025e-05
108,Positive,0.5630725026130676,0.47316455841064453,-0.4502802789211273,80.8069076538086,3.7019298737561712e-09
109,Positive,0.5773698687553406,0.9686760902404785,0.11052677780389786,78.98974609375,0.9942688941955566
no_face,no_face,no_face,no_face,no_face,no_face,no_face
111,Positive,0.549286425113678,2.559281826019287,-0.5704935789108276,9.96430778503418,0.9875605702400208
112,Positive,0.4522775113582611,-0.38714492321014404,-1.5910732746124268,149.0098114013672,0.9998636245727539
no_face,no_face,no_face,no_face,no_face,no_face,no_face
no_face,no_face,no_face,no_face,no_face,no_face,no_face
115,Positive,0.5455353856086731,0.3983057737350464,-1.1226918697357178,13.50397777557373,0.8670535683631897
116,Positive,0.5095986127853394,1.5460841655731201,-0.5110914707183838,38.86599349975586,8.532171413833112e-09
117,Positive,0.5613301396369934,1.3409051895141602,-0.980378270149231,11.513301849365234,0.44794878363609314
118,Positive,0.5006372928619385,2.395969867706299,-0.46224328875541687,7.969680309295654,9.511981602372543e-07
no_face,no_face,no_face,no_face,no_face,no_face,no_face
120,Positive,0.5196727514266968,1.0292854309082031,-0.5143430233001709,181.067626953125,0.9913744330406189
121,Positive,0.518945574760437,3.2515997886657715,0.373987078666687,7.004768371582031,5.128390694153495e-05
122,Positive,0.5147222280502319,-0.8930751085281372,-0.8031378984451294,14.40361213684082,2.826429954438936e-05
123,Positive,0.5371158719062805,2.1838231086730957,-0.0015866869362071157,4.5593037605285645,0.002728561405092478
124,Positive,0.5452283620834351,1.5847930908203125,0.5733739733695984,11.899312973022461,9.53906692302553e-06
no_face,no_face,no_face,no_face,no_face,no_face,no_face
126,Positive,0.4445013403892517,-1.6204073429107666,-1.1067278385162354,302.7059631347656,1.2824073358785881e-08
127,Positive,0.4807237982749939,-0.056710727512836456,0.21292877197265625,148.58807373046875,0.9997617602348328
128,Positive,0.4701601564884186,0.8816474676132202,0.14489659667015076,67.78266143798828,1.6205548188097385e-12
129,Positive,0.5089794993400574,2.8681085109710693,0.4446045160293579,8.627562522888184,2.5684393847869025e-11
130,Positive,0.5004408955574036,-0.01568862795829773,-0.522811770439148,66.72918701171875,0.1787070631980896
131,Positive,0.4783313572406769,0.3197058439254761,-0.6579917669296265,68.18202209472656,1.4526540560722001e-11
132,Positive,0.48888036608695984,0.5868170857429504,-0.09729354083538055,19.073047637939453,5.342874587199731e-08
133,Positive,0.4106561541557312,1.9567502737045288,-0.1060495674610138,20.1472225189209,0.0033769349101930857
134,Positive,0.5405645370483398,-0.7231349349021912,-1.537297248840332,62.37198257446289,0.0033424922730773687
135,Positive,0.539174497127533,0.11874258518218994,-0.2706117331981659,4.160211563110352,3.981785123841064e-09
136,Positive,0.561648428440094,1.0613014698028564,-0.35329604148864746,18.78145408630371,0.9335069060325623
137,Positive,0.5122596621513367,0.7208099961280823,-0.2351284921169281,12.757423400878906,0.08577652275562286
138,Positive,0.5378654599189758,1.599519968032837,0.02239161916077137,88.26129150390625,0.9999738931655884
139,Positive,0.4491885006427765,1.661837100982666,-0.38895004987716675,100.71155548095703,0.0059607382863759995
140,Positive,0.5290181040763855,-0.1407986581325531,-0.5921190977096558,7.558723449707031,1.2428627571559048e-10
no_face,no_face,no_face,no_face,no_face,no_face,no_face
142,Positive,0.5385224223136902,3.0151376724243164,-0.903354823589325,5.234897613525391,2.3249520381796174e-05
143,Positive,0.5297012329101562,-2.6584107875823975,0.40691572427749634,54.22190475463867,0.0007703794399276376
144,Positive,0.5230132937431335,0.4520772099494934,-0.238941952586174,6.1656999588012695,1.3480569091561811e-11
145,Positive,0.4024149775505066,0.788992702960968,0.1424703598022461,18.990074157714844,0.9267363548278809
146,Positive,0.513964831829071,-0.2795725464820862,0.18240931630134583,3.07791805267334,1.3129312090645606e-12
147,Positive,0.44590285420417786,0.899258017539978,-0.4937301278114319,9.715228080749512,2.0223334118441016e-08
148,Positive,0.4617139399051666,2.0922772884368896,0.2329254001379013,8.923087120056152,0.0017559403786435723
149,Positive,0.4147041440010071,0.5528095960617065,0.5944023132324219,4.432272911071777,3.7431849286839736e-11
150,Positive,0.4059475064277649,0.4609626531600952,-0.2863205075263977,18.3150634765625,3.910238774551544e-06
151,Positive,0.428817480802536,1.8506290912628174,-0.03598715364933014,4.7759108543396,3.2422555307221046e-08
152,Positive,0.4417046904563904,0.6742963790893555,0.28246480226516724,114.8740463256836,2.955769309864742e-12
153,Positive,0.5175763368606567,1.3459482192993164,0.016457583755254745,4.272120952606201,1.1612934258664609e-07
154,Positive,0.4959622323513031,1.1430764198303223,0.5623131990432739,13.13705062866211,0.0759136751294136
155,Positive,0.4967334568500519,1.2727129459381104,0.23276689648628235,3.380618095397949,7.612725028138811e-08
156,Positive,0.4028507173061371,1.4712035655975342,0.8821664452552795,13.0817289352417,9.000662021252381e-11
157,Positive,0.396181583404541,0.1303541660308838,0.16066616773605347,17.80994987487793,6.67868818027273e-08
158,Positive,0.5833850502967834,-0.08264628052711487,0.731412410736084,31.9849796295166,5.127010808791965e-06
159,Positive,0.4466557800769806,1.6638407707214355,0.3607163429260254,2.7342872619628906,1.7881731764646247e-05
160,Positive,0.4206787943840027,-0.03732021898031235,0.341880202293396,20.188190460205078,2.8029852744415606e-12
161,Positive,0.4104365110397339,-0.8189400434494019,0.12714241445064545,25.51243019104004,0.00027487261104397476
162,Positive,0.4255673289299011,1.1304081678390503,-1.3064208030700684,162.0670623779297,4.4555705791538e-09
163,Positive,0.39510393142700195,1.1981161832809448,0.1776111125946045,48.641178131103516,1.6329761365341255e-06
164,Positive,0.4650927782058716,1.5337049961090088,-0.46200913190841675,5.472598075866699,7.483078547920741e-07
165,Positive,0.431022584438324,0.960073709487915,-1.4324764013290405,238.69419860839844,1.0
166,Positive,0.4299928843975067,-0.35412144660949707,0.3009173274040222,7.017682075500488,3.883159479300957e-06
167,Positive,0.4790042042732239,1.3442068099975586,-0.13827058672904968,16.907939910888672,5.070763253733901e-11
168,Positive,0.5129493474960327,1.5301662683486938,-0.6486872434616089,2.9108083248138428,1.6975148753317626e-07
169,Positive,0.4525195360183716,-0.015375451184809208,-1.0308043956756592,139.6915283203125,6.545427311266394e-08
170,Positive,0.5610998868942261,1.368659496307373,-0.1475101113319397,2.682891607284546,0.05351246893405914
171,Positive,0.47646117210388184,2.1927366256713867,-0.5961639881134033,19.06570816040039,1.0780907189200661e-07
172,Positive,0.46384772658348083,0.3157395124435425,-1.724329948425293,14.344818115234375,6.866026524221525e-05
173,Positive,0.588821291923523,1.5492817163467407,-0.11812500655651093,45.7444953918457,1.0240580650133779e-07
174,Positive,0.5350515842437744,0.6268080472946167,0.22176125645637512,9.27958869934082,6.689499087997319e-08
175,Positive,0.546051561832428,0.24844500422477722,-1.062847375869751,5.551388263702393,0.9242844581604004
176,Positive,0.45593488216400146,0.9425421953201294,0.15417729318141937,45.831295013427734,2.7470793001471705e-11
177,Positive,0.5854774713516235,0.21071618795394897,0.8839325904846191,15.417717933654785,5.106667448932442e-14
178,Positive,0.5280720591545105,-0.4904460608959198,-0.5183254480361938,80.59696197509766,1.799777601263486e-05
179,Positive,0.552737832069397,1.3525433540344238,0.013598366640508175,4.338257789611816,1.4299201211542822e-05
180,Positive,0.5146028995513916,-0.5738298892974854,0.6300240755081177,193.3677520751953,0.5417142510414124
181,Positive,0.4899045526981354,0.6786072254180908,-0.7118443250656128,30.140764236450195,0.9946818947792053
182,Positive,0.535949170589447,-0.1763007640838623,-0.4624730348587036,87.48335266113281,3.744700938224099e-10
183,Positive,0.5426637530326843,1.9682694673538208,-0.23435693979263306,7.556242942810059,4.1752651683268915e-12
184,Positive,0.5109907388687134,1.5890083312988281,0.20921708643436432,38.32679748535156,1.5420427434964523e-10
185,Positive,0.45998451113700867,0.7612214088439941,-0.20360949635505676,9.993928909301758,0.9972907900810242
186,Positive,0.49359533190727234,0.7007002830505371,-0.603516697883606,113.31385040283203,0.12942875921726227
187,Positive,0.537754237651825,1.2912147045135498,-0.14494185149669647,43.153011322021484,1.0146078421868765e-10
188,Positive,0.5303201675415039,1.2440448999404907,0.7655516266822815,31.840791702270508,6.737184321536915e-08
189,Positive,0.47491952776908875,0.8782968521118164,-0.18591412901878357,4.377964019775391,1.9432016884479708e-08
190,Positive,0.49524059891700745,0.304521769285202,0.002154740272089839,33.593666076660156,2.697855272515426e-10
191,Positive,0.5335099101066589,0.07313689589500427,-0.3173779249191284,4.887160778045654,8.07326978247147e-06
192,Positive,0.47671571373939514,2.896876573562622,-0.8517471551895142,3.837242603302002,5.7411351008340716e-05
193,Positive,0.5601427555084229,1.248626708984375,-0.16027489304542542,16.08414077758789,2.719761638125817e-10
194,Positive,0.5055733323097229,3.1041722297668457,-0.8867090344429016,24.12682342529297,7.198705702649022e-07
195,Positive,0.49263912439346313,1.8525198698043823,-0.22671666741371155,10.76212215423584,3.9111788807666414e-10
196,Positive,0.5534958839416504,1.403087854385376,-0.1291346549987793,130.21917724609375,4.3751981593231903e-08
197,Positive,0.5378724932670593,0.8341577053070068,-0.3949891924858093,10.38725471496582,7.303358984245278e-08
198,Positive,0.47547513246536255,1.700202465057373,-0.0016444390639662743,10.95885181427002,1.0235894597199202e-11
199,Positive,0.455881804227829,1.8895878791809082,-1.1451307535171509,86.11610412597656,3.099918785665068e-06
200,Positive,0.5145688652992249,1.7450788021087646,-0.4918627440929413,3.101107358932495,0.008962249383330345
201,Negative,0.6408587694168091,1.85142982006073,0.8366371393203735,14.168214797973633,1.133633304561954e-06
202,Negative,0.4338732659816742,0.7431079149246216,0.3045084774494171,13.677242279052734,0.025725403800606728
203,Negative,0.48065057396888733,0.6211970448493958,-0.9709535837173462,31.858821868896484,3.867526743306371e-07
204,Negative,0.49281904101371765,1.9606237411499023,0.7498108148574829,162.30615234375,1.3865347758823532e-10
205,Negative,0.5475143194198608,3.2889771461486816,-0.49382320046424866,34.04095458984375,3.6810210986004677e-06
206,Negative,0.4859711825847626,2.5944652557373047,0.1958063840866089,3.2049989700317383,0.0028436370193958282
207,Negative,0.5025243163108826,2.38677978515625,-0.6833032369613647,44.78411865234375,0.6640817523002625
208,Negative,0.5368767976760864,2.251476287841797,0.9811302423477173,58.34295654296875,0.24282021820545197
209,Negative,0.5411278009414673,0.5586358308792114,-1.621524453163147,6.177725791931152,1.363995694170228e-09
210,Negative,0.4561639726161957,1.2949330806732178,0.017701836302876472,5.764204025268555,2.999911785650511e-08
211,Negative,0.4204918146133423,0.6092922687530518,0.32851821184158325,18.957368850708008,1.4978309081925545e-05
212,Negative,0.5158641934394836,2.671466112136841,0.3981650471687317,5.981089115142822,6.601848841908398e-12
213,Negative,0.4229501187801361,0.5866714715957642,0.07889469712972641,32.8222541809082,0.027268286794424057
214,Negative,0.497232586145401,1.6359196901321411,0.26176917552948,39.02113723754883,7.76286469772458e-06
215,Negative,0.5278568863868713,0.5259751081466675,0.32028549909591675,42.02766418457031,4.560787747465156e-09
216,Negative,0.5547367334365845,2.01965594291687,-1.101881742477417,63.0478515625,5.181385986929854e-08
217,Negative,0.4530673027038574,1.3414514064788818,0.14157205820083618,5.455634593963623,0.9997606873512268
218,Negative,0.41324687004089355,1.8978056907653809,-0.13404282927513123,109.28226470947266,9.177760063039386e-08
219,Negative,0.5366884469985962,1.7914040088653564,-0.4838964343070984,61.42779541015625,1.2660538232012186e-05
220,Negative,0.4361288547515869,1.6570003032684326,0.20790188014507294,103.70960235595703,3.577096094886656e-07
221,Negative,0.5207292437553406,0.335918128490448,-1.7571043968200684,62.94485855102539,0.013921263627707958
222,Negative,0.4774828553199768,0.4815404415130615,0.0027893884107470512,21.393959045410156,0.0016200097743421793
223,Negative,0.5134819746017456,1.2253553867340088,-0.7089635133743286,165.49986267089844,1.674290706077386e-09
224,Negative,0.5246644020080566,2.0223798751831055,1.1441562175750732,5.595155715942383,6.837215515975714e-11
225,Negative,0.4573741555213928,0.9442391991615295,0.1367647796869278,6.490495204925537,0.9998732805252075
226,Negative,0.4594860374927521,0.14277160167694092,-0.424449622631073,105.15784454345703,3.651358565548435e-05
227,Negative,0.5322847962379456,2.73875093460083,0.19744914770126343,4.815882205963135,4.567075251316055e-08
228,Negative,0.45440730452537537,2.0466060638427734,0.7370675802230835,5.961634635925293,2.9179003657731073e-10
229,Negative,0.5589015483856201,2.526400089263916,0.32158270478248596,4.4269256591796875,7.29582279745955e-06
230,Negative,0.5639097094535828,1.8562602996826172,0.8012117147445679,4.713669776916504,1.1156579132753919e-10
231,Negative,0.4010830819606781,-0.10523782670497894,0.2166326344013214,18.42872428894043,0.0006424267776310444
232,Negative,0.4951215088367462,0.9917839765548706,0.3424662947654724,13.317708015441895,7.92795333381946e-07
233,Negative,0.4338124990463257,0.8061360120773315,-0.2284497618675232,9.682387351989746,2.5695237604317356e-10
234,Negative,0.4656243920326233,0.11401143670082092,-1.0119941234588623,8.319547653198242,1.6979357724267174e-06
235,Negative,0.5129551887512207,0.20396317541599274,-0.4391477704048157,159.46633911132812,7.329310392378829e-06
236,Negative,0.454311728477478,1.8330779075622559,-0.7361718416213989,3.185286045074463,6.642089283559471e-05
237,Negative,0.4864913821220398,1.0702152252197266,-0.09977587312459946,21.90166664123535,1.9418026908635255e-10
238,Negative,0.5745278000831604,-0.40314871072769165,0.2831038236618042,8.149039268493652,6.513377059924608e-10
239,Negative,0.45247882604599,0.18352845311164856,-0.7941977381706238,99.524169921875,9.185654015197997e-09
240,Negative,0.48971205949783325,0.6444075703620911,-1.0831416845321655,5.1033220291137695,8.973443618742749e-05
241,Negative,0.4092372953891754,1.2976282835006714,-0.21633481979370117,11.817619323730469,1.7045617823896464e-06
242,Negative,0.5504867434501648,1.8951616287231445,0.6044514179229736,50.88934326171875,2.1743053191247697e-10
243,Negative,0.5488271713256836,1.071169376373291,0.5360523462295532,37.13412857055664,1.942605376825668e-05
244,Negative,0.4874366819858551,1.470743179321289,-0.2083463966846466,5.1506218910217285,0.8411896228790283
245,Negative,0.42969778180122375,1.5819659233093262,-0.3287341296672821,13.365045547485352,4.618787352228537e-05
246,Negative,0.5247337222099304,1.3653225898742676,-0.04035421460866928,43.995689392089844,2.199372829636559e-06
247,Negative,0.45365631580352783,1.1742311716079712,0.5278235077857971,19.053173065185547,0.0004404685168992728
248,Negative,0.5716559886932373,0.20270656049251556,0.6041066646575928,18.7736873626709,5.091076171748199e-11
249,Negative,0.592333197593689,-1.1132228374481201,0.31025391817092896,69.21186065673828,2.5316307983302977e-06
250,Negative,0.47520437836647034,1.7659955024719238,-0.49229657649993896,29.734643936157227,5.698225868400186e-05
251,Negative,0.4707835018634796,0.6866035461425781,0.008790850639343262,138.95901489257812,0.5702435970306396
252,Negative,0.4919823408126831,0.9078083038330078,-0.8436263799667358,23.50065803527832,1.3686902093468234e-05
253,Negative,0.43994924426078796,1.5721704959869385,-0.5666412115097046,112.67436218261719,5.934517321293242e-05
254,Negative,0.44047811627388,0.8048652410507202,-0.284652978181839,5.231474876403809,2.7130270154884784e-06
no_face,no_face,no_face,no_face,no_face,no_face,no_face
256,Negative,0.5554934740066528,2.8891491889953613,0.8180387020111084,46.16094970703125,5.95777510170592e-06
257,Negative,0.48914819955825806,2.289682149887085,0.011729670688509941,191.8175811767578,5.145611225998437e-07
258,Negative,0.5036471486091614,0.5690276622772217,-0.7874454259872437,31.4959716796875,1.759924998623319e-05
259,Negative,0.4764161705970764,1.3601431846618652,-0.4170173704624176,30.743593215942383,5.193853169771501e-08
260,Negative,0.5091226696968079,0.23916536569595337,-0.1946503221988678,5.769053936004639,1.8412454664940014e-05
261,Negative,0.4353048801422119,0.3026953339576721,-0.12076562643051147,37.601890563964844,3.593467537421624e-11
262,Negative,0.4784349203109741,1.4528918266296387,-0.36900943517684937,66.57023620605469,3.401213325560093e-05
263,Negative,0.5658208727836609,-0.061638787388801575,-0.0655888095498085,7.016897201538086,0.9999898672103882
no_face,no_face,no_face,no_face,no_face,no_face,no_face
265,Negative,0.5342860817909241,0.8511739373207092,0.2042335569858551,84.24356079101562,4.168849265795416e-09
266,Negative,0.4648571312427521,1.827346920967102,-0.6297697424888611,32.90797424316406,3.8411138852945115e-11
267,Negative,0.48373326659202576,1.883108377456665,-0.1980513334274292,82.92758178710938,2.2381592135189976e-09
268,Negative,0.5129998922348022,2.2520322799682617,-1.0784262418746948,52.75886154174805,2.4692268230097625e-09
269,Negative,0.4929192364215851,0.291922926902771,-0.6171878576278687,72.24645233154297,4.702922495880557e-10
270,Negative,0.5629488825798035,1.9569653272628784,-0.1726832091808319,9.403558731079102,4.670023656672129e-08
271,Negative,0.5022504329681396,0.785846471786499,0.7337119579315186,7.50326681137085,1.86335455509834e-07
272,Negative,0.5423303246498108,1.0118328332901,-0.6842291355133057,53.20840835571289,0.21702717244625092
273,Negative,0.5370919704437256,0.7653580904006958,0.2898223400115967,6.456820487976074,1.2322472286996344e-07
274,Negative,0.5103696584701538,1.5911493301391602,0.5410909652709961,8.308521270751953,2.2166050257510506e-05
275,Negative,0.5098301768302917,1.2137808799743652,0.17811989784240723,14.636507987976074,5.440192740735483e-09
276,Negative,0.5563732981681824,1.560377836227417,0.13637462258338928,6.815659999847412,0.21216844022274017
277,Negative,0.5282379984855652,2.063638687133789,-0.3929934501647949,7.0386528968811035,6.254470830135972e-10
278,Negative,0.4579887390136719,1.7863192558288574,-0.08283275365829468,9.608894348144531,1.309059860510331e-09
279,Negative,0.5440062880516052,1.2824236154556274,0.38763272762298584,5.122715950012207,1.0943427275478257e-09
280,Negative,0.4723787307739258,-0.061135515570640564,-0.38671332597732544,50.477394104003906,6.124434986931604e-11
281,Negative,0.4575849175453186,1.0617954730987549,-0.4730457663536072,2.3860557079315186,0.004708577878773212
282,Negative,0.547490656375885,0.5286093950271606,0.5484441518783569,5.75506591796875,3.216856780952071e-09
283,Negative,0.5319647789001465,0.08489641547203064,0.3854290246963501,37.35529327392578,8.95758223151688e-09
284,Negative,0.6108978390693665,0.5073052048683167,0.6491448879241943,3.417781352996826,2.1199410227268345e-08
285,Negative,0.5478280782699585,1.0201990604400635,-1.4228371381759644,81.03653717041016,0.9999996423721313
286,Negative,0.47810572385787964,1.6292654275894165,-1.327101707458496,18.887283325195312,5.965238081273583e-09
287,Negative,0.5682706236839294,0.2873787581920624,1.1693549156188965,13.281744003295898,4.595429459186562e-08
288,Negative,0.4974155128002167,0.13539156317710876,0.1269858032464981,3.3920187950134277,9.915417376049618e-10
289,Negative,0.4915587902069092,0.7735857963562012,-0.15326011180877686,230.68429565429688,4.658352736441884e-06
290,Negative,0.5534204244613647,2.0839500427246094,-0.41319093108177185,167.60264587402344,4.355050009507977e-08
291,Negative,0.5354065299034119,2.379207134246826,1.2207289934158325,27.48586654663086,1.9348062707535973e-08
292,Negative,0.5686239004135132,1.3914084434509277,0.7507133483886719,8.918638229370117,9.517430953565054e-06
293,Negative,0.5514754056930542,1.5532314777374268,-0.3806876838207245,34.949501037597656,0.005113355815410614
294,Negative,0.5458075404167175,-0.9809627532958984,-0.019455036148428917,8.996236801147461,3.7419642467284575e-05
295,Negative,0.5882218480110168,0.7456135749816895,0.3655678927898407,7.72412109375,0.00016276635869871825
296,Negative,0.5292016267776489,1.4463766813278198,0.8620674014091492,16.291610717773438,2.755794230324682e-05
no_face,no_face,no_face,no_face,no_face,no_face,no_face
298,Negative,0.5342174172401428,2.1037211418151855,-0.1451277732849121,10.881134033203125,5.8803468760970645e-08
299,Negative,0.5398097634315491,0.9862202405929565,0.8662749528884888,13.295196533203125,9.093404855775589e-07
300,Negative,0.5085521936416626,0.5331493020057678,-0.4697338938713074,5.01934289932251,0.992380678653717
301,Negative,0.5153865218162537,-0.03156597912311554,-0.026169199496507645,114.30165100097656,0.08516515046358109
302,Negative,0.5358055830001831,0.6194747090339661,-0.13883939385414124,10.153337478637695,0.0001962217502295971
303,Negative,0.4975695013999939,1.0989309549331665,0.47584807872772217,162.3335723876953,1.4213802046469937e-07
304,Negative,0.43129658699035645,1.2915513515472412,-0.7126655578613281,3.0680031776428223,7.653488864889368e-08
305,Negative,0.5680716037750244,1.3842549324035645,0.10067392885684967,3.671581745147705,0.02683953568339348
306,Negative,0.5700573921203613,2.718055248260498,0.14232784509658813,4.766017436981201,7.056077447487041e-05
307,Negative,0.5769824385643005,0.5514652729034424,-0.20868678390979767,4.962429046630859,0.0004414127906784415
308,Negative,0.5820444226264954,-0.0761035680770874,0.7454284429550171,3.577410936355591,0.015035072341561317
309,Negative,0.5304060578346252,-0.8475192785263062,0.8262892961502075,7.220029830932617,4.5711401330805757e-10
310,Negative,0.5313207507133484,0.39997047185897827,-0.34876352548599243,25.73858070373535,1.521004122650993e-07
311,Negative,0.5230323076248169,-0.12214358150959015,-0.6931700706481934,11.611772537231445,1.2635901214252954e-08
312,Negative,0.42313331365585327,0.464352011680603,-0.8145772218704224,7.918177127838135,0.0001068596393452026
313,Negative,0.49821409583091736,0.11295326054096222,-0.5819231271743774,253.29229736328125,1.1038731599910534e-06
314,Negative,0.4370746612548828,3.0091629028320312,-0.29027628898620605,33.742332458496094,2.3699398354892764e-07
315,Negative,0.4175754487514496,-0.0725989043712616,-0.3845311403274536,76.6893539428711,9.086992491802448e-08
316,Negative,0.40656521916389465,0.8739397525787354,0.4145563840866089,24.838651657104492,1.0960785612468271e-09
no_face,no_face,no_face,no_face,no_face,no_face,no_face
318,Negative,0.42822265625,1.526230812072754,0.39453941583633423,10.020493507385254,0.9837534427642822
no_face,no_face,no_face,no_face,no_face,no_face,no_face
320,Negative,0.5466107726097107,2.5284223556518555,0.04748024046421051,2.015240430831909,2.4861925851382694e-09
321,Negative,0.5195279717445374,1.4750480651855469,0.15386755764484406,37.727691650390625,1.5142153642955236e-05
322,Negative,0.4174877107143402,1.1633522510528564,-0.23070813715457916,38.356849670410156,0.9968125224113464
323,Negative,0.556368887424469,1.5251460075378418,0.12747186422348022,4.193883895874023,4.0966877890014075e-08
324,Negative,0.5077370405197144,1.0825846195220947,0.4050365090370178,15.09702205657959,1.6097857269414817e-06
325,Negative,0.4762628972530365,0.20681041479110718,0.1374295949935913,6.53419828414917,2.1960866458670125e-10
326,Negative,0.5911216735839844,2.921489953994751,1.355417013168335,44.06285095214844,1.6829761195769066e-10
327,Negative,0.43470239639282227,1.2426142692565918,-0.07457619905471802,7.572739124298096,0.010857109911739826
328,Negative,0.5314725637435913,0.7021478414535522,0.28642046451568604,6.5100884437561035,1.1281927649042789e-11
329,Negative,0.5457945466041565,2.516603946685791,0.7978867292404175,4.034147262573242,2.451633235978079e-06
330,Negative,0.5021969079971313,1.9965331554412842,0.7574458718299866,3.241602897644043,8.66281837375027e-08
331,Negative,0.5248265862464905,1.6429851055145264,0.2846749424934387,3.9506189823150635,2.0270658751542214e-06
332,Negative,0.5452422499656677,2.4614877700805664,0.07809869199991226,10.641288757324219,4.3004394001400215e-07
333,Negative,0.47826460003852844,1.5937981605529785,-0.09972891956567764,9.701604843139648,6.982950395695298e-08
334,Negative,0.49318429827690125,0.28082114458084106,-0.44545620679855347,3.5538382530212402,3.2748588285613778e-09
335,Negative,0.4077177941799164,2.5441150665283203,0.1255093365907669,94.37792205810547,4.0928976245517557e-13
336,Negative,0.46152037382125854,0.650530219078064,-0.8215523958206177,106.923583984375,5.290760185516774e-08
337,Negative,0.41652712225914,0.7271780967712402,0.5731081962585449,4.915783405303955,8.307360985781997e-05
338,Negative,0.4859485924243927,2.4026918411254883,-0.6953198909759521,23.99968147277832,1.3376141083654147e-08
339,Negative,0.4582968056201935,-0.29326093196868896,0.7664457559585571,2.9646623134613037,3.1750124662721646e-07
340,Negative,0.5116989016532898,-1.316285252571106,0.4172603189945221,5.361185550689697,2.14122586328358e-09
341,Negative,0.5507960319519043,-0.12315063178539276,-0.11452516913414001,47.320167541503906,0.7302268147468567
342,Negative,0.4700482487678528,-0.14095363020896912,0.4865208864212036,32.15790939331055,5.977563688475129e-08
343,Negative,0.5104172825813293,1.9233818054199219,0.40091776847839355,133.6132354736328,2.9535266676816718e-08
344,Negative,0.41739708185195923,0.7119901180267334,0.4530140459537506,8.259278297424316,9.16770090952923e-08
345,Negative,0.49037134647369385,1.8452739715576172,0.043205417692661285,2.6907577514648438,2.2425237489187566e-07
346,Negative,0.45974981784820557,0.5638441443443298,-0.9129554033279419,5.020872116088867,8.443278076697425e-09
347,Negative,0.5065613985061646,0.7176843285560608,0.25171875953674316,6.855218410491943,4.9456262786407024e-05
348,Negative,0.5725259184837341,3.1457395553588867,0.061904147267341614,10.871776580810547,3.258485747892337e-08
349,Negative,0.5508603453636169,0.43898943066596985,-0.17580243945121765,5.412048816680908,9.531514244542905e-09
350,Negative,0.4856427311897278,2.0961246490478516,0.1678210347890854,4.85923957824707,1.8663399714569096e-08
351,Negative,0.5114017128944397,1.912740707397461,-0.5545811057090759,17.076997756958008,0.9986947178840637
352,Negative,0.482649028301239,0.4497279226779938,0.15305227041244507,82.52886962890625,1.20481402632322e-07
353,Negative,0.5220909714698792,1.1448676586151123,0.18128147721290588,4.21877384185791,2.750211836044514e-09
354,Negative,0.5033102631568909,0.29334360361099243,-0.10311426222324371,83.51034545898438,0.886396586894989
355,Negative,0.503910481929779,-0.02352653071284294,-0.30363744497299194,119.28199005126953,0.0029164182487875223
356,Negative,0.5252525210380554,2.280518054962158,-0.6456396579742432,16.83852195739746,0.9813104867935181
no_face,no_face,no_face,no_face,no_face,no_face,no_face
no_face,no_face,no_face,no_face,no_face,no_face,no_face
359,Negative,0.5179641842842102,2.4557595252990723,0.17836526036262512,20.378108978271484,0.9974986910820007
360,Negative,0.5468644499778748,2.9991440773010254,0.6028386354446411,5.737687110900879,1.1380233445379417e-05
361,Negative,0.5057533383369446,0.8992470502853394,1.0394349098205566,6.105253219604492,6.969284527258424e-07
362,Negative,0.520742654800415,1.3189282417297363,-1.1919803619384766,87.74311828613281,2.2261538106249645e-06
363,Negative,0.5646306276321411,1.6694674491882324,1.601515293121338,11.986006736755371,7.106091323011432e-12
364,Negative,0.5271039009094238,0.7585861682891846,-0.4463888704776764,45.48152542114258,2.43719568970846e-07
365,Negative,0.6134528517723083,2.8231382369995117,0.4573989510536194,5.873743534088135,5.340498265837823e-09
366,Negative,0.49344944953918457,1.4611973762512207,-0.5028102397918701,57.19837188720703,0.0048843929544091225
367,Negative,0.5182954668998718,0.9364513158798218,0.18070350587368011,99.69306945800781,0.9595685601234436
368,Negative,0.6478714346885681,0.49543821811676025,0.06854858249425888,3.9811620712280273,0.0008489502943120897
369,Negative,0.5196694135665894,1.2734941244125366,0.16482236981391907,17.697071075439453,5.4763620482845e-07
370,Negative,0.4649505019187927,2.3093783855438232,-0.17532816529273987,236.3560028076172,4.3070362153230235e-05
371,Negative,0.5593385100364685,1.5461997985839844,0.18901067972183228,15.130667686462402,1.1961994950127064e-08
372,Negative,0.4442863464355469,1.202968955039978,-0.8462827801704407,76.87405395507812,0.27684804797172546
373,Negative,0.5874930620193481,2.045764207839966,0.13681861758232117,114.39507293701172,3.265251052653184e-06
374,Negative,0.4472599923610687,2.9116830825805664,-0.37899333238601685,13.758855819702148,4.0245176933240145e-06
no_face,no_face,no_face,no_face,no_face,no_face,no_face
376,Negative,0.5330114364624023,-1.0321574211120605,0.5174661874771118,30.24658966064453,4.527945293375524e-06
377,Negative,0.5222822427749634,1.012817621231079,-0.34419775009155273,5.361237049102783,0.0001558085932629183
378,Negative,0.5106062293052673,1.9507594108581543,-0.16078615188598633,4.35040283203125,1.420588802147904e-07
379,Negative,0.49585387110710144,1.7752950191497803,-0.7410286068916321,2.350674867630005,3.9051816003166095e-08
380,Negative,0.47622400522232056,-0.4275720715522766,-0.6938251256942749,78.18313598632812,0.4793816804885864
381,Negative,0.5599418878555298,1.7513160705566406,-0.7461248636245728,138.1646270751953,0.9998772144317627
no_face,no_face,no_face,no_face,no_face,no_face,no_face
383,Negative,0.5862872004508972,2.342515707015991,0.21544575691223145,36.65972900390625,1.3319541722012218e-05
384,Negative,0.5288618803024292,1.7647755146026611,-0.8082085847854614,68.80326843261719,1.7076548601835384e-06
385,Negative,0.48899638652801514,1.1323421001434326,-0.18435326218605042,86.35254669189453,0.012741937302052975
386,Negative,0.54730224609375,3.123469591140747,0.5017876029014587,6.857535362243652,3.2045306078837266e-12
387,Negative,0.5026036500930786,3.1901326179504395,0.6831164360046387,29.06725311279297,0.985954225063324
388,Negative,0.5064329504966736,0.9338674545288086,0.5312955975532532,11.473939895629883,9.784547616575878e-10
389,Negative,0.46086928248405457,-1.5001592636108398,0.3803366422653198,102.4666976928711,6.701945949316723e-06
390,Negative,0.5054822564125061,-0.287531316280365,-0.018484022468328476,6.767533779144287,1.6271761715813682e-09
391,Negative,0.5168317556381226,2.5487992763519287,-0.18495991826057434,42.28486633300781,3.875245957463136e-10
392,Negative,0.4779953956604004,1.2425611019134521,-0.10745741426944733,86.33120727539062,5.397689619712764e-07
393,Negative,0.5672931671142578,0.12331542372703552,0.5268607139587402,28.897289276123047,0.0005687054363079369
394,Negative,0.48542970418930054,2.0678324699401855,0.5043569803237915,84.15577697753906,7.127897333703004e-06
395,Negative,0.5406320691108704,-0.3742111325263977,1.1323827505111694,66.77093505859375,0.14410318434238434
396,Negative,0.45999273657798767,-0.1703856885433197,0.345477819442749,188.6571502685547,0.999431312084198
397,Negative,0.4323444366455078,-0.15359771251678467,0.12329921126365662,162.7599334716797,4.1680683904310456e-10
398,Negative,0.4836938679218292,0.4011830687522888,-0.5216981172561646,206.12684631347656,0.9890090823173523
399,Negative,0.46440982818603516,-1.500855565071106,0.4447975754737854,119.35527038574219,2.633152234920999e-06
400,Negative,0.5213125944137573,0.6825515031814575,0.20206354558467865,46.036258697509766,0.005130641628056765
